{"cameraMode":{"drawMode":0,"name":"Shaded","section":"Shading Mode"},"sceneLighting":true,"audioPlay":false,"sceneViewState":{"m_AlwaysRefresh":false,"showFog":true,"showSkybox":true,"showFlares":true,"showImageEffects":true,"showParticleSystems":true,"showVisualEffectGraphs":true,"m_FxEnabled":false},"in2DMode":false,"pivot":{"x":0.012722045183181763,"y":1.0000019073486329,"z":64.44507598876953},"rotation":{"x":0.1390499323606491,"y":-0.06531237810850144,"z":0.009187642484903336,"w":0.9880769848823547},"size":3.324744701385498,"orthographic":false}